OwnerID,Email,Password,FullName,Credits,HouseTokens,GuestCerts
1,vambrogi0@engadget.com,mlrzRh1YQ1,Victoir Ambrogi,644203,559523,984849
2,tmaltby1@zimbio.com,EFju5MMTh,Tonia Maltby,101331,243784,342802
3,ggegg2@epa.gov,upV1NH,Gaven Gegg,848254,280340,847071
4,tglandon3@guardian.co.uk,kk5Jlli,Trudey Glandon,192455,332653,286098
5,csheaf4@nymag.com,ePQhreo,Cheryl Sheaf,661373,93445,650215
6,manthona5@paypal.com,jUOVOKTeJimG,Marget Anthona,175532,798219,59929
7,rmoyser6@phpbb.com,8a3dRwOmoFr4,Rosemonde Moyser,196840,90988,321533
8,lmournian7@lulu.com,e0DAJ5VG,Leland Mournian,552186,676445,789320
9,ljoll8@disqus.com,nAPjBtQZkfMw,Leopold Joll,358495,787852,124230
10,gharbottle9@cbslocal.com,5GokLKyUqfgB,Gardie Harbottle,227610,814377,292478
11,rwoodesona@merriam-webster.com,Ro1FZEA4,Randi Woodeson,524727,455431,788555
12,edundendaleb@mtv.com,UqUORO,Evyn Dundendale,29306,111867,72153
13,cshorttc@goo.gl,sw3Hdr,Collete Shortt,574918,822563,847155
14,ngethingsd@dropbox.com,HtcwQhdZpA5i,Nelli Gethings,802283,457526,1158
15,abredgelande@icq.com,cmj2XZiAA,Ario Bredgeland,82835,95882,958482
16,sbourtoumieuxf@live.com,t3QZgG9L,Sancho Bourtoumieux,843189,273513,426727
17,cluttong@360.cn,2tWU61f9U,Concettina Lutton,331021,194430,817471
18,cmatkovich@symantec.com,JZyKodmk,Clarinda Matkovic,544616,706300,103331
19,mwolstencrofti@google.fr,Zo2GEqT,Martica Wolstencroft,363756,509859,378876
20,msandelandj@twitpic.com,82fEVWg,Mirella Sandeland,677080,228768,101408
21,ncalbreathk@mashable.com,uUcGDF,Nobe Calbreath,958383,185378,546737
22,dlastel@bluehost.com,BQYSNGt8tlD,Daron Laste,722751,23593,379302
23,abannerm@house.gov,5esvnuUT4E,Amye Banner,501486,32938,622981
24,afleckneyn@prweb.com,1LUUxS,Allayne Fleckney,634431,645427,113023
25,mivanisovo@epa.gov,eEmhsWz,Marjory Ivanisov,630875,117044,605081
26,mpodburyp@google.com.hk,JyFprP,Mellisent Podbury,867338,613859,43865
27,blauchlanq@free.fr,V26iVnWDz,Babita Lauchlan,757855,464032,140563
28,nlauridsenr@cbsnews.com,Ha7IS9qZYiK,Nye Lauridsen,369189,933935,833910
29,smcs@engadget.com,PAhkVJoy,Shepperd Mc Coughan,875542,165434,667164
30,clagnet@netscape.com,fCfIKD,Constanta Lagne,909724,825843,291906
31,galenovu@bloomberg.com,RvZ8CH6UtU,Gradey Alenov,139299,907598,684210
32,jpionterv@hubpages.com,9hqW2jx9KZH,Jerrie Pionter,117696,152292,687809
33,jdarringtonw@bing.com,kfjEzkLh,Jenifer Darrington,308994,857560,344
34,cbandyx@naver.com,eRWQGvE,Charmion Bandy,597597,991361,746677
35,egrissetty@google.co.jp,jDm7YVAtI6,Emlynn Grissett,867797,879420,858077
36,alodovichiz@github.com,cXF9zC5,Aubine Lodovichi,696225,722796,687260
37,cakitt10@arizona.edu,cuXyJAhP,Celestyn Akitt,229865,544362,712897
38,radelberg11@washingtonpost.com,8Oc0BTX,Rosella Adelberg,196015,339806,594075
39,teveling12@netscape.com,ZnbNlAW4srZG,Thorvald Eveling,751337,60017,569128
40,mboyce13@phpbb.com,Vt3T9fVUTazA,Maje Boyce,329942,367081,476612
41,reastope14@sciencedaily.com,vOkRsD,Rutledge Eastope,906891,985591,579247
42,cnajera15@jiathis.com,wJxzBvgG,Cornie Najera,609420,51442,849812
43,gflack16@digg.com,pzKoTaeZe7Sq,Grover Flack,517356,757016,303932
44,epettegre17@surveymonkey.com,fnsJW8c,Eric Pettegre,911686,1579,350705
45,lrogier18@ucoz.ru,Egdkyic2NYw,Lorinda Rogier,352628,373368,276791
46,rschirak19@timesonline.co.uk,6KLuQL,Raimondo Schirak,295474,506192,790339
47,fgosdin1a@instagram.com,VjwCKkP,Fara Gosdin,277265,914447,181548
48,adrinan1b@nymag.com,d02ktL9sOzwM,Arney Drinan,349561,522287,683738
49,nsigsworth1c@infoseek.co.jp,z3W9f7z6zb,Neddy Sigsworth,249989,291840,484015
50,dondrich1d@biglobe.ne.jp,nOxAcIIl,Dare Ondrich,930280,567320,746865
51,afechnie1e@google.es,d1jeWUKIJd,Antonia Fechnie,297532,894016,302021
52,sjorez1f@wiley.com,9mgGY7x04u,Sonni Jorez,504695,825212,627813
53,heleshenar1g@is.gd,1rZCoU7tMjYm,Herold Eleshenar,550293,926710,168148
54,gmacbain1h@blogger.com,S5as1D,Genia MacBain,890898,289310,87364
55,smcgrane1i@yahoo.co.jp,uCRWro,Stacy McGrane,921654,388814,965287
56,zmarlor1j@4shared.com,hXgrPTea,Zachery Marlor,515299,843487,370925
57,aweatherburn1k@google.fr,3yUky8,Arabele Weatherburn,156608,312112,851592
58,mmccole1l@sciencedaily.com,HT9hmiV,Mannie McCole,622302,830770,252434
59,tchesnay1m@webnode.com,8tUwCzs,Tiebold Chesnay,616320,380206,297914
60,tcapstaff1n@sfgate.com,hvXprqLQbk,Tanny Capstaff,224173,777201,228751
61,aperin1o@ustream.tv,suMdinsYc99B,Andy Perin,478649,898878,688380
62,dcamoys1p@rakuten.co.jp,4B0772,Dottie Camoys,561202,599240,636247
63,jlattin1q@deviantart.com,a8FnK79Chl,Jeromy Lattin,116111,890853,863481
64,ablenkharn1r@nsw.gov.au,G9Jnqx,Alvan Blenkharn,616693,249991,462848
65,bkarys1s@mapy.cz,61vJzCO,Briggs Karys,637429,572176,381565
66,craleston1t@yolasite.com,Akrij9IVqeTq,Creighton Raleston,875490,241025,91751
67,nfollin1u@weibo.com,e3Eo6umm,Nickola Follin,381933,286041,102933
68,aortler1v@reuters.com,pKjJxK2zBbZC,Artemus Ortler,330006,296210,885138
69,pbraithwaite1w@usa.gov,U2XCP80j,Phil Braithwaite,246202,348864,328873
70,hshippam1x@biglobe.ne.jp,L65wwfzS4t7Z,Hermon Shippam,71491,651706,729944
71,fupward1y@mapy.cz,GpJ9NG,Fergus Upward,42485,46780,302788
72,ailem1z@issuu.com,1qAYHlEe5,Ange Ilem,884598,290541,69431
73,rberre20@alexa.com,umku2TZ1E,Reynolds Berre,151006,29374,525925
74,dcleminshaw21@quantcast.com,MLKRWSx,Dru Cleminshaw,71161,724099,910674
75,mpendle22@vkontakte.ru,nqP616KsKBd,Melisa Pendle,61347,231423,287289
76,cmckague23@comsenz.com,YqZge3qh6S4,Corina McKague,835081,917149,688867
77,hverillo24@nhs.uk,IuV8QPzjWmq,Hasheem Verillo,435103,537296,474312
78,mkettel25@php.net,N8gI2jKv,Marquita Kettel,446591,135569,290989
79,ctakle26@yellowbook.com,bXlQ1EVc,Cristine Takle,479212,536648,687408
80,dcromblehome27@hostgator.com,eKKVVnf20zB,Danit Cromblehome,898998,516203,705411
81,ravison28@instagram.com,7rWcO6Mdm8,Rodger Avison,957266,466051,767333
82,fbeadon29@npr.org,R963Pi,Franz Beadon,317156,356022,44794
83,lmonks2a@craigslist.org,Boe3qHEs,Linda Monks,727856,145763,836736
84,zscoon2b@icq.com,eLpnqFU,Zolly Scoon,106974,552256,899768
85,rpennell2c@cmu.edu,0nuxim7Yc6Mt,Reid Pennell,250265,50537,192955
86,tmardell2d@ycombinator.com,H8wiAdTueu,Thea Mardell,126968,78578,906891
87,smabbott2e@imdb.com,QqXAr2r,Stace Mabbott,64573,637483,473909
88,kgosling2f@xinhuanet.com,y8Pyh92wF,Keary Gosling,750027,911943,722693
89,lbelchambers2g@about.com,PixU5e,Layne Belchambers,33224,319803,866855
90,jgallally2h@soundcloud.com,lzLXeE,Jacquetta Gallally,773854,110336,70711
91,skenzie2i@imgur.com,kjDTGZLHB16o,Sharon Kenzie,492509,140378,283341
92,dhay2j@people.com.cn,sPd7LBs,Dode Hay,374527,120861,631849
93,abebis2k@nyu.edu,ZbUgNytLsUp,Ambrosio Bebis,363849,172217,563262
94,cwixey2l@cornell.edu,3fXMhl,Curtis Wixey,700367,321635,826901
95,rvedekhin2m@oaic.gov.au,ugzhLUX1L5DT,Rosmunda Vedekhin,428243,106718,670284
96,orubinlicht2n@opera.com,rfEQten,Onofredo Rubinlicht,192615,673874,508314
97,rmacinnes2o@huffingtonpost.com,uQrY88YX,Reggie MacInnes,892213,363366,735841
98,aranyard2p@ihg.com,oxH9Y4of,Aurora Ranyard,649988,288631,929464
99,mosculley2q@businesswire.com,3um7izX8,Mia O'Sculley,788266,261522,180147
100,lludlow2r@friendfeed.com,meIUH5kH0qRL,Lacey Ludlow,275616,106082,778887
